Order ID,Order Date,CustomerName,State,City
B-26055,10/3/2018,David Jones,Uttar Pradesh,Mathura
B-25993,3/2/2018,Chad Warren,Delhi,Delhi
B-25973,24-01-2018,Garrett Brown,Uttar Pradesh,Mathura
B-25923,27-12-2018,Erin Harris,Maharashtra,Mumbai
B-25757,21-08-2018,Jocelyn Brown,Madhya Pradesh,Indore
B-25967,21-01-2018,William Brown,Uttar Pradesh,Prayagraj
B-25955,16-01-2018,Brianna Gonzalez,Maharashtra,Pune
B-26093,27-03-2018,John Smith,Maharashtra,Pune
B-25798,1/10/2018,Abigail Gibson DDS,Andhra Pradesh,Hyderabad
B-25602,1/4/2018,Gloria Hull,Maharashtra,Pune
B-25858,13-11-2018,Angela Shannon,Maharashtra,Mumbai
B-25969,21-01-2018,Parker Williams,Gujarat,Surat
B-26099,30-03-2018,Natalie Tucker,Maharashtra,Mumbai
B-25997,4/2/2018,Dr. Mary Harris,Maharashtra,Pune
B-25881,25-11-2018,Vincent Stark,Uttar Pradesh,Mathura
B-25761,25-08-2018,David Roy,Uttar Pradesh,Mathura
B-25887,1/12/2018,Christopher Burton,Uttar Pradesh,Prayagraj
B-25823,18-10-2018,Katherine Dawson,Maharashtra,Mumbai
B-25853,8/11/2018,David Bishop,Gujarat,Ahmedabad
B-25862,15-11-2018,Peter King,Bihar,Patna
B-25830,26-10-2018,Olivia Ward,Himachal Pradesh,Simla
B-25786,19-09-2018,Shelly Owens,Uttar Pradesh,Mathura
B-25686,11/6/2018,George Haynes,Himachal Pradesh,Simla
B-26022,18-02-2018,Henry Love,Punjab,Chandigarh
B-26003,8/2/2018,Bobby Wright,Madhya Pradesh,Bhopal
B-25755,19-08-2018,Jacob Aguilar,Kerala ,Thiruvananthapuram
B-25902,10/12/2018,Tony Wong,Maharashtra,Mumbai
B-25935,4/1/2018,Mercedes Sanchez,Nagaland,Kohima
B-25797,30-09-2018,Maria Kelly,Madhya Pradesh,Indore
B-25639,27-04-2018,Jacqueline Baird,Madhya Pradesh,Bhopal
B-25681,4/6/2018,Elizabeth Martinez,Madhya Pradesh,Indore
B-25909,13-12-2018,Dennis Wallace,Maharashtra,Pune
B-25910,14-12-2018,Carol Jones,Delhi,Delhi
B-25950,13-01-2018,David Montgomery,Madhya Pradesh,Indore
B-25613,12/4/2018,Nicholas Clark,Haryana,Chandigarh
B-25919,23-12-2018,Amanda Mcgee,Rajasthan,Udaipur
B-25768,1/9/2018,Peter Hunter,Karnataka,Bangalore
B-25629,24-04-2018,April Gonzalez,Kerala ,Thiruvananthapuram
B-25729,22-07-2018,Katherine Powers,Madhya Pradesh,Bhopal
B-25943,9/1/2018,Jennifer Randolph,Gujarat,Ahmedabad
B-25842,2/11/2018,Alyssa Silva,Maharashtra,Pune
B-26073,21-03-2018,Melissa Mendez,Madhya Pradesh,Indore
B-25778,11/9/2018,Jenna Thomas,Maharashtra,Mumbai
B-25717,12/7/2018,Sara Thompson,Uttar Pradesh,Lucknow
B-26085,26-03-2018,Rhonda Proctor,Punjab,Chandigarh
B-26048,4/3/2018,Johnathan Suarez,Maharashtra,Pune
B-25793,24-09-2018,Nicholas Jones,Madhya Pradesh,Indore
B-25656,11/5/2018,Terri Joseph,Maharashtra,Pune
B-25608,8/4/2018,Jason Brown,Tamil Nadu,Chennai
B-25752,14-08-2018,Shannon Casey,Madhya Pradesh,Indore
B-25779,12/9/2018,Scott Byrd,Maharashtra,Pune
B-25603,3/4/2018,Brandon Moore,Madhya Pradesh,Bhopal
B-26051,7/3/2018,Mark Yang,West Bengal,Kolkata
B-25653,8/5/2018,Brenda Arias,Nagaland,Kohima
B-25855,8/11/2018,Michael Johnson,Madhya Pradesh,Bhopal
B-25762,26-08-2018,Kristen Hammond,Madhya Pradesh,Indore
B-25995,4/2/2018,Daniel Short,Delhi,Delhi
B-25929,2/1/2018,Cody Hernandez,Kerala ,Thiruvananthapuram
B-26006,9/2/2018,Carolyn Pena,Karnataka,Bangalore
B-25697,22-06-2018,William Barton,Jammu and Kashmir,Kashmir
B-25836,29-10-2018,Cynthia Rogers,Maharashtra,Pune
B-25601,1/4/2018,Paul Martin,Gujarat,Ahmedabad
B-25873,23-11-2018,Mary Ramos,Madhya Pradesh,Indore
B-26028,20-02-2018,Christopher Johnson,Andhra Pradesh,Hyderabad
B-25964,20-01-2018,Scott Hoffman,Maharashtra,Pune
B-25676,1/6/2018,Brandon Fisher,Rajasthan,Jaipur
B-25839,30-10-2018,Teresa Mendoza,West Bengal,Kolkata
B-25894,4/12/2018,Mary Kent PhD,Punjab,Amritsar
B-25925,29-12-2018,Amy Levy,Maharashtra,Mumbai
B-25953,14-01-2018,Joseph Pena,Andhra Pradesh,Hyderabad
B-25772,2/9/2018,Alexandria Johnson,Bihar,Patna
B-25957,18-01-2018,Matthew Ward,Madhya Pradesh,Indore
B-25730,22-07-2018,Matthew Cooper,Rajasthan,Jaipur
B-25877,24-11-2018,Julie Sherman,Gujarat,Surat
B-26067,16-03-2018,Eric Martinez,Madhya Pradesh,Bhopal
B-25810,10/10/2018,Jason Kelley,Punjab,Chandigarh
B-25868,18-11-2018,Sarah Garcia,Goa,Goa
B-26023,19-02-2018,Susan Wade PhD,Haryana,Chandigarh
B-25626,23-04-2018,Madison Mitchell,Maharashtra,Mumbai
B-25937,5/1/2018,Clinton Patterson,Haryana,Chandigarh
B-25610,9/4/2018,Anthony Ross,Bihar,Patna
B-25777,10/9/2018,Caroline Burgess,Madhya Pradesh,Indore
B-25738,2/8/2018,Candice White,Punjab,Chandigarh
B-25978,27-01-2018,Spencer Short,Maharashtra,Mumbai
B-25643,29-04-2018,Kristine Delgado,Jammu and Kashmir,Kashmir
B-25728,22-07-2018,Matthew Wade,Maharashtra,Pune
B-25749,13-08-2018,Kiara Becker,Maharashtra,Mumbai
B-25667,23-05-2018,Emily Sutton,Haryana,Chandigarh
B-25657,13-05-2018,Amber Leonard,Madhya Pradesh,Bhopal
B-25753,17-08-2018,William Haney,Uttar Pradesh,Lucknow
B-26061,14-03-2018,Natasha Martin,Madhya Pradesh,Indore
B-25838,29-10-2018,Marc Garcia,Madhya Pradesh,Indore
B-25702,27-06-2018,Jessica Christian,Maharashtra,Mumbai
B-25952,13-01-2018,Ryan Ross,Madhya Pradesh,Indore
B-25666,22-05-2018,Jamie James,Punjab,Chandigarh
B-25675,31-05-2018,Michael Casey,Madhya Pradesh,Bhopal
B-25650,6/5/2018,Luke Roach,Maharashtra,Mumbai
B-25986,31-01-2018,Andrea Harrell,Rajasthan,Udaipur
B-25850,5/11/2018,Alicia Sullivan MD,Goa,Goa
B-25898,7/12/2018,Matthew Stewart,Rajasthan,Udaipur
B-25813,10/10/2018,Christopher Kelley,Maharashtra,Mumbai
B-25825,21-10-2018,Nicole Brown,Madhya Pradesh,Indore
B-25954,14-01-2018,Joseph Martin,Gujarat,Ahmedabad
B-25696,21-06-2018,Katherine Lee,Karnataka,Bangalore
B-25638,26-04-2018,Jimmy Mcdonald,Maharashtra,Pune
B-25747,11/8/2018,Vincent Parsons,Madhya Pradesh,Bhopal
B-25904,10/12/2018,David Davila,Delhi,Delhi
B-25852,7/11/2018,Tina Taylor,Andhra Pradesh,Hyderabad
B-25981,28-01-2018,Alexander Curtis,Delhi,Delhi
B-25899,8/12/2018,Timothy Boyer,Uttar Pradesh,Prayagraj
B-25870,20-11-2018,Brenda White,Andhra Pradesh,Hyderabad
B-26040,26-02-2018,Amber Wright,Punjab,Chandigarh
B-25671,27-05-2018,Derrick Sloan,Nagaland,Kohima
B-26100,31-03-2018,Kevin Chen,Madhya Pradesh,Indore
B-25651,7/5/2018,Jenny Pierce,Madhya Pradesh,Indore
B-25968,21-01-2018,Omar Lawson,Punjab,Amritsar
B-26019,15-02-2018,Regina Robertson,Uttar Pradesh,Lucknow
B-25664,20-05-2018,Rachael Sloan,Bihar,Patna
B-26033,22-02-2018,Jeffrey Allen,West Bengal,Kolkata
B-26052,8/3/2018,Thomas Gonzalez,Karnataka,Bangalore
B-25999,5/2/2018,Ryan Gomez,Delhi,Delhi
B-25781,14-09-2018,Dana Mendoza,Gujarat,Ahmedabad
B-25764,28-08-2018,Alexander Pearson,Maharashtra,Pune
B-25803,5/10/2018,Kristopher Franklin,Madhya Pradesh,Indore
B-25945,11/1/2018,Jennifer Mendoza,Madhya Pradesh,Indore
B-26086,26-03-2018,Mr. Joel Pope,Haryana,Chandigarh
B-25845,3/11/2018,Alexander White,Kerala ,Thiruvananthapuram
B-25817,13-10-2018,William Silva,Maharashtra,Mumbai
B-25951,13-01-2018,Christina Smith,West Bengal,Kolkata
B-25970,22-01-2018,Paul Porter,Maharashtra,Mumbai
B-25878,24-11-2018,Jennifer Craig,Maharashtra,Mumbai
B-26057,10/3/2018,Matthew Williams,Kerala ,Thiruvananthapuram
B-25885,28-11-2018,Anne Brown,Madhya Pradesh,Indore
B-25897,6/12/2018,Keith Williamson,Madhya Pradesh,Indore
B-25756,20-08-2018,Joseph Hickman,Maharashtra,Mumbai
B-25859,14-11-2018,Shannon Goodwin,Madhya Pradesh,Indore
B-25691,16-06-2018,Randy Ward,Maharashtra,Mumbai
B-25633,26-04-2018,Amanda Thomas,Sikkim,Gangtok
B-25708,1/7/2018,Deborah Cruz,Madhya Pradesh,Indore
B-25831,27-10-2018,Cindy Miller,Sikkim,Gangtok
B-25856,10/11/2018,Casey Bradley,Maharashtra,Mumbai
B-25893,4/12/2018,Steven Smith,Uttar Pradesh,Mathura
B-25959,18-01-2018,Randy Li,Madhya Pradesh,Indore
B-26000,6/2/2018,Janet Lee,Delhi,Delhi
B-26097,28-03-2018,Jesus Espinoza,Karnataka,Bangalore
B-25745,9/8/2018,Eric Bush,Gujarat,Ahmedabad
B-25974,25-01-2018,Barbara Hester,Rajasthan,Udaipur
B-25670,25-05-2018,Steven West,Goa,Goa
B-25848,3/11/2018,Karen Snow,Himachal Pradesh,Simla
B-25888,2/12/2018,Christian Carlson,Punjab,Amritsar
B-25942,8/1/2018,Anna Rodriguez,Andhra Pradesh,Hyderabad
B-25847,3/11/2018,Rachel Bryant,Haryana,Chandigarh
B-25636,26-04-2018,Melanie Mack,Maharashtra,Mumbai
B-25826,22-10-2018,Terry Morales,Maharashtra,Mumbai
B-26081,22-03-2018,Marcus Young,Tamil Nadu,Chennai
B-25625,23-04-2018,Michael Moore,Jammu and Kashmir,Kashmir
B-25802,5/10/2018,Stephanie Nunez,Maharashtra,Mumbai
B-25693,18-06-2018,Gerald Hernandez,Madhya Pradesh,Bhopal
B-25796,24-09-2018,Kenneth Henderson,Maharashtra,Mumbai
B-25806,6/10/2018,Andrew Tate,Madhya Pradesh,Indore
B-25710,5/7/2018,Kevin Smith,Maharashtra,Pune
B-25669,25-05-2018,Jamie West,Sikkim,Gangtok
B-25857,10/11/2018,Brandon Mcdaniel,Madhya Pradesh,Indore
B-25785,15-09-2018,Deborah Johnson,West Bengal,Kolkata
B-25930,3/1/2018,Gregory Evans,Punjab,Chandigarh
B-26053,9/3/2018,Colin Sutton,Jammu and Kashmir,Kashmir
B-26070,18-03-2018,Adam Clark,Karnataka,Bangalore
B-25791,24-09-2018,Angela Sanders,Kerala ,Thiruvananthapuram
B-25983,30-01-2018,Laura Lloyd,Delhi,Delhi
B-25979,27-01-2018,Benjamin Vaughn,Madhya Pradesh,Indore
B-26054,10/3/2018,William Cole,Maharashtra,Mumbai
B-26078,22-03-2018,Denise May,West Bengal,Kolkata
B-25787,20-09-2018,Sarah Smith DVM,Jammu and Kashmir,Kashmir
B-25682,7/6/2018,Erika Roberts,Bihar,Patna
B-25962,19-01-2018,Joseph Nunez,Maharashtra,Pune
B-25750,14-08-2018,Sally Weber,Madhya Pradesh,Indore
B-25828,24-10-2018,Austin Baker,Punjab,Chandigarh
B-25622,22-04-2018,Steven Valencia,Rajasthan,Jaipur
B-25751,14-08-2018,Jack Shelton,Maharashtra,Mumbai
B-25685,10/6/2018,Isaiah Gonzalez,Madhya Pradesh,Indore
B-26010,11/2/2018,Manuel Molina,Bihar,Patna
B-26035,23-02-2018,John Cameron,Jammu and Kashmir,Kashmir
B-25698,23-06-2018,George Rodriguez,Tamil Nadu,Chennai
B-25966,21-01-2018,Richard Ferguson,Rajasthan,Udaipur
B-25832,28-10-2018,Michelle Allen,Maharashtra,Mumbai
B-25743,7/8/2018,Kyle Ball,Nagaland,Kohima
B-25886,28-11-2018,Brandon Franklin,Rajasthan,Udaipur
B-25975,25-01-2018,Catherine Perry,Uttar Pradesh,Prayagraj
B-26098,29-03-2018,Melinda Williams,Jammu and Kashmir,Kashmir
B-25614,13-04-2018,Cameron Ochoa PhD,Himachal Pradesh,Simla
B-25726,21-07-2018,Sandra Buchanan,Maharashtra,Mumbai
B-26050,6/3/2018,Kimberly Medina,Rajasthan,Jaipur
B-25609,9/4/2018,Sarah Cooper,Uttar Pradesh,Lucknow
B-25741,3/8/2018,Jordan Smith,Madhya Pradesh,Indore
B-25956,17-01-2018,Michael Joseph,Maharashtra,Mumbai
B-25689,14-06-2018,Kyle Wallace,Maharashtra,Mumbai
B-25939,5/1/2018,Jackson Perkins,Sikkim,Gangtok
B-25890,4/12/2018,Edward Pearson,Maharashtra,Mumbai
B-25814,10/10/2018,Larry Obrien,Madhya Pradesh,Indore
B-25718,12/7/2018,Victoria Ramsey,Maharashtra,Mumbai
B-25914,18-12-2018,Danielle Simmons,Delhi,Delhi
B-25903,10/12/2018,Tammy Stout,Madhya Pradesh,Indore
B-26096,28-03-2018,Ronald Hendricks,West Bengal,Kolkata
B-25654,10/5/2018,Meghan Collins,Maharashtra,Mumbai
B-26076,21-03-2018,Erin Bryant,Madhya Pradesh,Bhopal
B-25961,18-01-2018,Nicole Mills,Gujarat,Ahmedabad
B-25854,8/11/2018,Mary Chapman,Maharashtra,Pune
B-25642,28-04-2018,Lawrence Harrington,Karnataka,Bangalore
B-25683,8/6/2018,Danielle Humphrey,Kerala ,Thiruvananthapuram
B-26016,14-02-2018,Jessica Hogan,Karnataka,Bangalore
B-26034,23-02-2018,Karen Shaw,Karnataka,Bangalore
B-26056,10/3/2018,Sarah Ritter,Bihar,Patna
B-25819,15-10-2018,Earl Perez,Madhya Pradesh,Bhopal
B-25715,10/7/2018,Brandon Lopez,Jammu and Kashmir,Kashmir
B-25933,4/1/2018,Daniel Brock,Maharashtra,Mumbai
B-26014,13-02-2018,Heather Young,Rajasthan,Jaipur
B-25655,11/5/2018,Carl Anderson,Madhya Pradesh,Indore
B-25816,12/10/2018,Vanessa Palmer,Andhra Pradesh,Hyderabad
B-25634,26-04-2018,Miranda Stevens,Goa,Goa
B-25895,4/12/2018,Brian Scott,Gujarat,Surat
B-25687,11/6/2018,Martin Molina,Maharashtra,Mumbai
B-25662,17-05-2018,Tammie Liu,Maharashtra,Mumbai
B-25635,26-04-2018,Stacey Rich,Nagaland,Kohima
B-26060,13-03-2018,Thomas Nielsen,Maharashtra,Mumbai
B-26045,3/3/2018,Elizabeth Phillips DDS,Nagaland,Kohima
B-25770,2/9/2018,Donald Pena,Madhya Pradesh,Indore
B-25744,8/8/2018,Stephanie Davis,Andhra Pradesh,Hyderabad
B-25618,18-04-2018,Troy Ruiz,Andhra Pradesh,Hyderabad
B-25958,18-01-2018,Judy Morales,West Bengal,Kolkata
B-25769,2/9/2018,Amanda Walter,Maharashtra,Mumbai
B-25619,18-04-2018,Michael Thomas,Gujarat,Ahmedabad
B-25688,11/6/2018,Nancy Ortega,Madhya Pradesh,Indore
B-25829,25-10-2018,Raymond Gonzales,Haryana,Chandigarh
B-26036,23-02-2018,Nathaniel Lyons,Maharashtra,Mumbai
B-25714,9/7/2018,Michael Alvarez,Karnataka,Bangalore
B-25989,1/2/2018,Fernando Jackson,Delhi,Delhi
B-25849,4/11/2018,Jeremy Williams,Sikkim,Gangtok
B-25851,6/11/2018,Andrew Middleton,Nagaland,Kohima
B-25782,15-09-2018,Patricia Smith,Maharashtra,Mumbai
B-25621,20-04-2018,Andrea Gonzalez,Madhya Pradesh,Bhopal
B-25996,4/2/2018,Heather Williams,Delhi,Delhi
B-25678,3/6/2018,Michael Davis,Karnataka,Bangalore
B-25727,22-07-2018,Micheal Powell,Madhya Pradesh,Indore
B-26018,14-02-2018,Rebecca Beck,Tamil Nadu,Chennai
B-25760,24-08-2018,Brandi Baker,Goa,Goa
B-25804,5/10/2018,Alexander Mccarthy,Karnataka,Bangalore
B-25754,18-08-2018,Anita Hall,Bihar,Patna
B-26020,16-02-2018,Mr. Gerald Johnson DDS,Bihar,Patna
B-25640,27-04-2018,Valerie Bowman,Rajasthan,Jaipur
B-25789,22-09-2018,Vanessa Thomas,Uttar Pradesh,Lucknow
B-26072,20-03-2018,Mrs. Allison Torres DDS,Maharashtra,Mumbai
B-26007,9/2/2018,Justin Black,Jammu and Kashmir,Kashmir
B-26087,26-03-2018,Amber Moore,Himachal Pradesh,Simla
B-25617,17-04-2018,Terry Davidson,Nagaland,Kohima
B-25984,30-01-2018,Daniel Carson,Delhi,Delhi
B-25767,31-08-2018,Mary Snyder,West Bengal,Kolkata
B-25987,31-01-2018,Teresa Cox,Delhi,Delhi
B-25840,31-10-2018,Molly Scott,Karnataka,Bangalore
B-25663,19-05-2018,Justin Mcclure,Madhya Pradesh,Indore
B-26030,21-02-2018,Robert Martin,Maharashtra,Pune
B-25947,13-01-2018,Alejandro Raymond,Gujarat,Ahmedabad
B-25896,5/12/2018,Robert Stevens DDS,Maharashtra,Mumbai
B-26009,10/2/2018,Dean Graves,Uttar Pradesh,Lucknow
B-25876,24-11-2018,Michael Avila,Punjab,Amritsar
B-25915,19-12-2018,Evan Wong,Punjab,Amritsar
B-25795,24-09-2018,Tony Ashley,Sikkim,Gangtok
B-26002,8/2/2018,Morgan Harris,Delhi,Delhi
B-25645,1/5/2018,Mrs. Rebecca Thompson,Madhya Pradesh,Indore
B-25837,29-10-2018,Anna Matthews,Maharashtra,Mumbai
B-25612,12/4/2018,Sue Turner,Punjab,Chandigarh
B-25812,10/10/2018,Anna Knox,Madhya Pradesh,Indore
B-25843,3/11/2018,Daniel Bell,Maharashtra,Mumbai
B-26026,19-02-2018,Jennifer Spencer,Goa,Goa
B-25773,6/9/2018,Seth Baker,Kerala ,Thiruvananthapuram
B-25875,24-11-2018,Alexis Bailey,Uttar Pradesh,Prayagraj
B-25660,16-05-2018,Stephanie Porter,Karnataka,Bangalore
B-25918,22-12-2018,Franklin Blankenship,Madhya Pradesh,Indore
B-25971,22-01-2018,Linda Campbell,Madhya Pradesh,Indore
B-26063,15-03-2018,Kristina Klein,Nagaland,Kohima
B-25867,17-11-2018,Stacy Thomas,Sikkim,Gangtok
B-25703,28-06-2018,Sean Steele,Madhya Pradesh,Indore
B-25661,17-05-2018,Roberta Dalton,Jammu and Kashmir,Kashmir
B-25748,12/8/2018,Marc Miller,Rajasthan,Jaipur
B-25766,30-08-2018,Nancy Tucker,Rajasthan,Jaipur
B-25861,15-11-2018,Jody Pierce,Uttar Pradesh,Lucknow
B-26058,11/3/2018,Anthony Walker,Punjab,Chandigarh
B-25808,8/10/2018,Katie Ashley,Bihar,Patna
B-25900,9/12/2018,Nicole Booth,Punjab,Amritsar
B-26084,25-03-2018,Linda Pennington,Kerala ,Thiruvananthapuram
B-25652,8/5/2018,Bruce Powell,Goa,Goa
B-26008,9/2/2018,Ashley Santiago,Tamil Nadu,Chennai
B-25799,1/10/2018,Marie Cox,Gujarat,Ahmedabad
B-25927,31-12-2018,Edward Roman,Uttar Pradesh,Lucknow
B-25985,31-01-2018,Frank Newman,Madhya Pradesh,Indore
B-25994,3/2/2018,Crystal Reed,Delhi,Delhi
B-25620,20-04-2018,Amber Williams,Maharashtra,Pune
B-25712,7/7/2018,Angel Jackson,Rajasthan,Jaipur
B-25976,25-01-2018,Jennifer Velasquez,Punjab,Amritsar
B-26068,16-03-2018,Cassie Bailey,Rajasthan,Jaipur
B-25721,16-07-2018,Nancy Bradley,Haryana,Chandigarh
B-25863,15-11-2018,Robert Tran,Kerala ,Thiruvananthapuram
B-25991,3/2/2018,Michael Harvey,Madhya Pradesh,Indore
B-25737,1/8/2018,Kiara Berry,Madhya Pradesh,Indore
B-26043,1/3/2018,Janet Zamora,Sikkim,Gangtok
B-25977,27-01-2018,Laurie Riddle,Gujarat,Surat
B-25908,12/12/2018,Jennifer Terry,Delhi,Delhi
B-25941,7/1/2018,Rachel Ward,Nagaland,Kohima
B-25794,24-09-2018,Dr. Kathy Smith,Himachal Pradesh,Simla
B-26041,27-02-2018,Rachel Jones,Haryana,Chandigarh
B-25695,18-06-2018,Benjamin Flores,West Bengal,Kolkata
B-25960,18-01-2018,Dorothy Lane,Andhra Pradesh,Hyderabad
B-26037,23-02-2018,Sarah Finley,Madhya Pradesh,Indore
B-25921,25-12-2018,Daniel Roberts,Punjab,Amritsar
B-25944,10/1/2018,Diana Barber,Maharashtra,Pune
B-25724,19-07-2018,Connie Holden,Madhya Pradesh,Indore
B-26024,19-02-2018,Karen Shaw,Himachal Pradesh,Simla
B-25694,18-06-2018,Ronald Rangel,Rajasthan,Jaipur
B-25665,21-05-2018,Jim Gill,Kerala ,Thiruvananthapuram
B-26004,8/2/2018,William Booker,Rajasthan,Jaipur
B-25611,11/4/2018,Caleb Davila MD,Kerala ,Thiruvananthapuram
B-25901,10/12/2018,Kathleen Barry,Gujarat,Surat
B-25623,22-04-2018,Randy Robertson,West Bengal,Kolkata
B-25713,8/7/2018,Richard Woods,West Bengal,Kolkata
B-26091,27-03-2018,Bridget Martin,Andhra Pradesh,Hyderabad
B-25604,3/4/2018,Michelle Johnson,Rajasthan,Jaipur
B-25827,23-10-2018,Wanda Martin,Madhya Pradesh,Indore
B-25835,29-10-2018,Melanie Schmidt,Gujarat,Ahmedabad
B-26025,19-02-2018,Christopher Rodriguez,Sikkim,Gangtok
B-25809,9/10/2018,Brandon Boyd Jr.,Kerala ,Thiruvananthapuram
B-25905,11/12/2018,Matthew Martin,Delhi,Delhi
B-25948,13-01-2018,Taylor Smith,Maharashtra,Pune
B-26094,27-03-2018,Pamela Vega,Madhya Pradesh,Bhopal
B-25949,13-01-2018,Thomas Jones,Maharashtra,Mumbai
B-26001,7/2/2018,Ashley Williams,Delhi,Delhi
B-25771,2/9/2018,Brian Rios,Uttar Pradesh,Lucknow
B-25659,15-05-2018,Jessica Gonzalez,West Bengal,Kolkata
B-25924,28-12-2018,Jamie Boone,Karnataka,Bangalore
B-25883,27-11-2018,Terry Blair,Gujarat,Surat
B-25946,12/1/2018,Randy Rodriguez,Andhra Pradesh,Hyderabad
B-26065,16-03-2018,Allen Rivas,Madhya Pradesh,Indore
B-26083,24-03-2018,Jonathan Young,Bihar,Patna
B-25725,20-07-2018,Michael Williams,Nagaland,Kohima
B-25630,24-04-2018,Patricia Hardin,Punjab,Chandigarh
B-25673,28-05-2018,Andrew Keller,Gujarat,Ahmedabad
B-25692,17-06-2018,John Tucker,Madhya Pradesh,Indore
B-25992,3/2/2018,Joel Davis,Rajasthan,Udaipur
B-25765,29-08-2018,Lisa Day,Madhya Pradesh,Bhopal
B-25892,4/12/2018,Jay Welch,Rajasthan,Udaipur
B-26089,26-03-2018,Bonnie Humphrey,Goa,Goa
B-25780,13-09-2018,Miguel White,Andhra Pradesh,Hyderabad
B-25684,9/6/2018,Cody Richardson,Maharashtra,Mumbai
B-25739,3/8/2018,Amanda Thomas,Haryana,Chandigarh
B-25731,26-07-2018,Lauren Cunningham,West Bengal,Kolkata
B-25648,4/5/2018,Craig Montoya,Punjab,Chandigarh
B-26038,24-02-2018,Krista Lynch,Bihar,Patna
B-25700,25-06-2018,April Williams,Maharashtra,Mumbai
B-26015,14-02-2018,Richard Smith,West Bengal,Kolkata
B-25704,29-06-2018,Andrew Ruiz,Maharashtra,Mumbai
B-25811,10/10/2018,Vanessa Lucas,Maharashtra,Mumbai
B-25821,16-10-2018,William Richards,West Bengal,Kolkata
B-25874,24-11-2018,Karen Jackson,Rajasthan,Udaipur
B-25668,24-05-2018,Lori Rosales,Himachal Pradesh,Simla
B-25800,1/10/2018,Daryl Reeves,Maharashtra,Pune
B-25928,1/1/2018,Alexandra Graham,Bihar,Patna
B-26021,17-02-2018,Jeffrey Ramos,Kerala ,Thiruvananthapuram
B-26064,16-03-2018,Philip Gaines,Maharashtra,Mumbai
B-25882,26-11-2018,Laura Tucker,Punjab,Amritsar
B-25891,4/12/2018,Scott Dalton Jr.,Madhya Pradesh,Indore
B-25820,16-10-2018,Jennifer Beck,Rajasthan,Jaipur
B-25889,3/12/2018,Lisa Mathews,Gujarat,Surat
B-25871,21-11-2018,Meghan Martinez,Gujarat,Surat
B-25637,26-04-2018,Amanda Knight,Madhya Pradesh,Indore
B-25616,15-04-2018,Linda Watson,Goa,Goa
B-25972,23-01-2018,Elizabeth Hernandez,Rajasthan,Udaipur
B-25805,5/10/2018,Brandon Beck,Maharashtra,Mumbai
B-25860,15-11-2018,Kristopher King,Tamil Nadu,Chennai
B-26080,22-03-2018,John Trevino,Jammu and Kashmir,Kashmir
B-25807,7/10/2018,Melissa Johnston,Uttar Pradesh,Lucknow
B-25734,29-07-2018,Gavin Miller,Madhya Pradesh,Indore
B-25880,24-11-2018,Monica Mann,Rajasthan,Udaipur
B-25934,4/1/2018,Patrick Brown,Madhya Pradesh,Indore
B-25913,17-12-2018,Jason Martinez,Delhi,Delhi
B-25912,16-12-2018,Tyler Lopez,Delhi,Delhi
B-25824,20-10-2018,Richard Peterson,Madhya Pradesh,Indore
B-25711,6/7/2018,Nicholas Smith,Madhya Pradesh,Bhopal
B-25864,15-11-2018,Karen Diaz,Maharashtra,Mumbai
B-25917,21-12-2018,Megan Keith,Maharashtra,Mumbai
B-26049,5/3/2018,Jose Downs,Madhya Pradesh,Bhopal
B-25920,24-12-2018,Christopher Miller,Uttar Pradesh,Prayagraj
B-25699,24-06-2018,Donald Contreras,Uttar Pradesh,Lucknow
B-25735,30-07-2018,John Lewis,Uttar Pradesh,Lucknow
B-25701,26-06-2018,Michele Krause,Madhya Pradesh,Indore
B-26092,27-03-2018,John Mcdaniel,Gujarat,Ahmedabad
B-26082,23-03-2018,Jennifer Miller,Uttar Pradesh,Lucknow
B-25818,14-10-2018,David Baker,Madhya Pradesh,Indore
B-25846,3/11/2018,Tina Kelly,Punjab,Chandigarh
B-26011,12/2/2018,Daniel Kelly,Gujarat,Ahmedabad
B-25631,24-04-2018,Karen Bailey,Haryana,Chandigarh
B-25606,6/4/2018,Richard Deleon,Karnataka,Bangalore
B-25746,10/8/2018,Nicole Rodriguez,Maharashtra,Pune
B-26005,8/2/2018,Laura Jackson,West Bengal,Kolkata
B-25844,3/11/2018,Christopher Hebert,Madhya Pradesh,Indore
B-25869,19-11-2018,Craig Wilcox,Nagaland,Kohima
B-26066,16-03-2018,Bryan Cisneros,Maharashtra,Pune
B-25865,15-11-2018,Elizabeth Becker MD,Madhya Pradesh,Indore
B-26039,25-02-2018,Laura Mccann,Kerala ,Thiruvananthapuram
B-25916,20-12-2018,Kristine Shelton,Gujarat,Surat
B-26090,27-03-2018,Crystal Jones,Nagaland,Kohima
B-25988,31-01-2018,Dustin Wright,Delhi,Delhi
B-25906,11/12/2018,Justin Jones,Delhi,Delhi
B-26017,14-02-2018,Carrie Adams,Jammu and Kashmir,Kashmir
B-25644,30-04-2018,Elizabeth Frank,Maharashtra,Mumbai
B-25679,4/6/2018,John Pope,Maharashtra,Mumbai
B-25723,18-07-2018,David Lee,Maharashtra,Mumbai
B-25605,5/4/2018,Stephen Dickerson,West Bengal,Kolkata
B-25792,24-09-2018,Sandra White,Maharashtra,Mumbai
B-25680,4/6/2018,Tammy Lewis,Madhya Pradesh,Indore
B-25931,4/1/2018,Jessica Andrews,Maharashtra,Mumbai
B-25932,4/1/2018,Barbara Schroeder,Madhya Pradesh,Indore
B-25990,2/2/2018,Joseph Maldonado DDS,Delhi,Delhi
B-25615,15-04-2018,Kathleen Chapman,Sikkim,Gangtok
B-26031,22-02-2018,Joseph Richardson,Madhya Pradesh,Bhopal
B-25801,1/10/2018,Lindsey Vargas,Madhya Pradesh,Bhopal
B-25833,29-10-2018,Arthur Chase,Madhya Pradesh,Indore
B-26077,22-03-2018,Logan Harrison,Rajasthan,Jaipur
B-25936,5/1/2018,Pamela Rogers,Punjab,Chandigarh
B-25938,5/1/2018,Bryce Fletcher,Himachal Pradesh,Simla
B-25716,11/7/2018,Mary Kaiser,Tamil Nadu,Chennai
B-25740,3/8/2018,Edwin Myers,Maharashtra,Mumbai
B-25763,27-08-2018,Paul Cook,Gujarat,Ahmedabad
B-25872,22-11-2018,Kristine Hobbs,Maharashtra,Mumbai
B-25879,24-11-2018,Vanessa Gallagher,Madhya Pradesh,Indore
B-25926,30-12-2018,Mary Johns,Madhya Pradesh,Indore
B-26074,21-03-2018,Allison Johnson,Gujarat,Ahmedabad
B-25627,23-04-2018,Tanner Thomas,Madhya Pradesh,Indore
B-25940,6/1/2018,Alex Bell,Goa,Goa
B-26047,4/3/2018,Mary Wright,Madhya Pradesh,Indore
B-26069,17-03-2018,Kelsey Chan,West Bengal,Kolkata
B-26027,20-02-2018,Debra Adams,Nagaland,Kohima
B-25963,19-01-2018,Andrew Newman,Maharashtra,Mumbai
B-25922,26-12-2018,Jeffrey Robbins,Gujarat,Surat
B-25866,16-11-2018,Katie Burton,Himachal Pradesh,Simla
B-25607,6/4/2018,Timothy Burch,Jammu and Kashmir,Kashmir
B-25775,8/9/2018,Dr. Kelly Duran,Haryana,Chandigarh
B-25998,4/2/2018,Deborah Norris,Rajasthan,Udaipur
B-26062,15-03-2018,Lisa Wheeler,Goa,Goa
B-25722,17-07-2018,Rebecca Robertson,Himachal Pradesh,Simla
B-25776,9/9/2018,Kim Bass,Maharashtra,Mumbai
B-26032,22-02-2018,Thomas Fernandez,Rajasthan,Jaipur
B-25705,30-06-2018,Lynn Coleman,Madhya Pradesh,Indore
B-25628,24-04-2018,Julie Stevenson,Bihar,Patna
B-25733,28-07-2018,Maria Hines,Maharashtra,Mumbai
B-25647,3/5/2018,Kristin Irwin,Kerala ,Thiruvananthapuram
B-25790,23-09-2018,James Singh,Bihar,Patna
B-25709,1/7/2018,Aaron Powell,Madhya Pradesh,Indore
B-25911,15-12-2018,Christopher Long Jr.,Madhya Pradesh,Bhopal
B-25774,7/9/2018,Emily Hill,Punjab,Chandigarh
B-26042,28-02-2018,Beth Burns,Himachal Pradesh,Simla
B-25815,10/10/2018,Steven Medina,Nagaland,Kohima
B-25822,18-10-2018,Angelica Ellis,Karnataka,Bangalore
B-26075,21-03-2018,Joshua Diaz,Maharashtra,Pune
B-25783,15-09-2018,Megan Humphrey,Madhya Pradesh,Indore
B-26046,4/3/2018,Melissa Hudson,Maharashtra,Mumbai
B-25690,15-06-2018,Alan Schmidt,Madhya Pradesh,Indore
B-25706,1/7/2018,Sharon Adams,Goa,Goa
B-25736,31-07-2018,Luis Conway,Maharashtra,Mumbai
B-25720,15-07-2018,Brandon Garcia,Punjab,Chandigarh
B-25907,11/12/2018,Sheila Garcia,Madhya Pradesh,Bhopal
B-25719,12/7/2018,Ryan Williamson DDS,Madhya Pradesh,Indore
B-26013,13-02-2018,Jonathan Dean,Madhya Pradesh,Bhopal
B-26044,2/3/2018,Gregory Rogers,Goa,Goa
B-25649,5/5/2018,Christopher Hunter,Haryana,Chandigarh
B-25658,14-05-2018,Samuel Sullivan,Rajasthan,Jaipur
B-25672,28-05-2018,Karen Khan,Andhra Pradesh,Hyderabad
B-25624,22-04-2018,Franklin Romero,Karnataka,Bangalore
B-25884,28-11-2018,Luke Rios,Maharashtra,Mumbai
B-25641,27-04-2018,Bob Smith,West Bengal,Kolkata
B-25841,1/11/2018,Suzanne Farmer,Maharashtra,Mumbai
B-25980,27-01-2018,Dana Murray,Rajasthan,Udaipur
B-26012,13-02-2018,Michael Dalton,Maharashtra,Pune
B-26029,20-02-2018,Lori Solis,Gujarat,Ahmedabad
B-26071,19-03-2018,Allen Bell,Jammu and Kashmir,Kashmir
B-25646,1/5/2018,Michelle Brewer,Bihar,Patna
B-25677,2/6/2018,Ann Warner MD,West Bengal,Kolkata
B-25759,23-08-2018,Melissa Taylor,Sikkim,Gangtok
B-26059,12/3/2018,Tristan Hayes,Haryana,Chandigarh
B-25632,25-04-2018,William Haynes,Himachal Pradesh,Simla
B-26079,22-03-2018,Laura Scott,Karnataka,Bangalore
B-25674,28-05-2018,Dr. Michael Rojas,Maharashtra,Pune
B-25965,21-01-2018,Dawn Lopez,West Bengal,Kolkata
B-25732,27-07-2018,Robin Gonzalez,Karnataka,Bangalore
B-25834,29-10-2018,Joseph Salas,Andhra Pradesh,Hyderabad
B-25784,15-09-2018,Bradley Whitehead,Rajasthan,Jaipur
B-25982,29-01-2018,Linda Evans,Delhi,Delhi
B-25788,21-09-2018,Phillip Dunn,Tamil Nadu,Chennai
B-25742,3/8/2018,John Miller,Goa,Goa
B-26088,26-03-2018,George Harris,Sikkim,Gangtok
B-25707,1/7/2018,Pam Whitaker,Maharashtra,Mumbai
B-25758,22-08-2018,Daniel Green,Himachal Pradesh,Simla
B-26095,28-03-2018,Bryce Jacobson,Rajasthan,Jaipur
